--
-- PostgreSQL database dump
--

-- Dumped from database version 14.5
-- Dumped by pg_dump version 14.5

-- Started on 2026-03-28 12:54:04

SET statement_timeout = 0;
SET lock_timeout = 0;
SET idle_in_transaction_session_timeout = 0;
SET client_encoding = 'UTF8';
SET standard_conforming_strings = on;
SELECT pg_catalog.set_config('search_path', '', false);
SET check_function_bodies = false;
SET xmloption = content;
SET client_min_messages = warning;
SET row_security = off;

SET default_tablespace = '';

SET default_table_access_method = heap;

--
-- TOC entry 209 (class 1259 OID 41014)
-- Name: asta; Type: TABLE; Schema: public; Owner: postgres
--

CREATE TABLE public.asta (
    "idAsta" integer NOT NULL,
    acquirente character varying(255),
    fine bigint NOT NULL,
    "idImmobile" integer NOT NULL,
    prezzo_attuale double precision NOT NULL,
    prezzo_orig double precision NOT NULL
);


ALTER TABLE public.asta OWNER TO postgres;

--
-- TOC entry 210 (class 1259 OID 41017)
-- Name: asta_id_seq; Type: SEQUENCE; Schema: public; Owner: postgres
--

ALTER TABLE public.asta ALTER COLUMN "idAsta" ADD GENERATED BY DEFAULT AS IDENTITY (
    SEQUENCE NAME public.asta_id_seq
    START WITH 1
    INCREMENT BY 1
    NO MINVALUE
    NO MAXVALUE
    CACHE 1
);


--
-- TOC entry 211 (class 1259 OID 41018)
-- Name: immagine; Type: TABLE; Schema: public; Owner: postgres
--

CREATE TABLE public.immagine (
    "idImmagine" integer NOT NULL,
    immagine character varying(255) NOT NULL,
    "idImmobile" integer NOT NULL
);


ALTER TABLE public.immagine OWNER TO postgres;

--
-- TOC entry 212 (class 1259 OID 41021)
-- Name: immagine_id_seq; Type: SEQUENCE; Schema: public; Owner: postgres
--

ALTER TABLE public.immagine ALTER COLUMN "idImmagine" ADD GENERATED BY DEFAULT AS IDENTITY (
    SEQUENCE NAME public.immagine_id_seq
    START WITH 1
    INCREMENT BY 1
    NO MINVALUE
    NO MAXVALUE
    CACHE 1
);


--
-- TOC entry 213 (class 1259 OID 41022)
-- Name: immobile; Type: TABLE; Schema: public; Owner: postgres
--

CREATE TABLE public.immobile (
    "idImmobile" integer NOT NULL,
    descrizione character varying(1000),
    indirizzo character varying(255) NOT NULL,
    metri_quadri double precision NOT NULL,
    nome character varying(255) NOT NULL,
    prezzo_attuale double precision NOT NULL,
    prezzo_orig double precision NOT NULL,
    proprietario character varying(255) NOT NULL,
    "tipoImmobile" character varying(255) NOT NULL,
    tipo_annuncio character varying(255) NOT NULL
);


ALTER TABLE public.immobile OWNER TO postgres;

--
-- TOC entry 214 (class 1259 OID 41027)
-- Name: immobile_id_seq; Type: SEQUENCE; Schema: public; Owner: postgres
--

ALTER TABLE public.immobile ALTER COLUMN "idImmobile" ADD GENERATED BY DEFAULT AS IDENTITY (
    SEQUENCE NAME public.immobile_id_seq
    START WITH 1
    INCREMENT BY 1
    NO MINVALUE
    NO MAXVALUE
    CACHE 1
);


--
-- TOC entry 215 (class 1259 OID 41028)
-- Name: recensione; Type: TABLE; Schema: public; Owner: postgres
--

CREATE TABLE public.recensione (
    "idRecensione" integer NOT NULL,
    "idUtente" integer NOT NULL,
    valutazione smallint NOT NULL,
    titolo character varying(255) NOT NULL,
    "idImmobile" integer
);


ALTER TABLE public.recensione OWNER TO postgres;

--
-- TOC entry 216 (class 1259 OID 41031)
-- Name: recensione_id_seq; Type: SEQUENCE; Schema: public; Owner: postgres
--

ALTER TABLE public.recensione ALTER COLUMN "idRecensione" ADD GENERATED BY DEFAULT AS IDENTITY (
    SEQUENCE NAME public.recensione_id_seq
    START WITH 1
    INCREMENT BY 1
    NO MINVALUE
    NO MAXVALUE
    CACHE 1
);


--
-- TOC entry 217 (class 1259 OID 41032)
-- Name: utente; Type: TABLE; Schema: public; Owner: postgres
--

CREATE TABLE public.utente (
    "idUtente" integer NOT NULL,
    email character varying(255) NOT NULL,
    password character varying(255) NOT NULL,
    ruolo character varying(255) NOT NULL,
    cognome character varying(255) NOT NULL,
    nome character varying(255) NOT NULL,
    telefono character varying(255) NOT NULL,
    bannato boolean DEFAULT false
);


ALTER TABLE public.utente OWNER TO postgres;

--
-- TOC entry 218 (class 1259 OID 41038)
-- Name: utente_id_seq; Type: SEQUENCE; Schema: public; Owner: postgres
--

ALTER TABLE public.utente ALTER COLUMN "idUtente" ADD GENERATED BY DEFAULT AS IDENTITY (
    SEQUENCE NAME public.utente_id_seq
    START WITH 1
    INCREMENT BY 1
    NO MINVALUE
    NO MAXVALUE
    CACHE 1
);


--
-- TOC entry 3336 (class 0 OID 41014)
-- Dependencies: 209
-- Data for Name: asta; Type: TABLE DATA; Schema: public; Owner: postgres
--

COPY public.asta ("idAsta", acquirente, fine, "idImmobile", prezzo_attuale, prezzo_orig) FROM stdin;
1	giulia.neri@acquirente.com	1785000000000	4	90000	80000
2	matteo.bruni@acquirente.com	1790000000000	10	52000	45000
3	lorenzo.conte@acquirente.com	1795000000000	12	315000	300000
\.


--
-- TOC entry 3338 (class 0 OID 41018)
-- Dependencies: 211
-- Data for Name: immagine; Type: TABLE DATA; Schema: public; Owner: postgres
--

COPY public.immagine ("idImmagine", immagine, "idImmobile") FROM stdin;
1	http://localhost:8080/foto-immobili/casa1_foto1.jpg	1
2	http://localhost:8080/foto-immobili/casa1_foto2.jpg	1
3	http://localhost:8080/foto-immobili/casa1_foto3.jpg	1
4	http://localhost:8080/foto-immobili/casa1_foto4.jpg	1
5	http://localhost:8080/foto-immobili/casa1_foto5.jpg	1
6	http://localhost:8080/foto-immobili/casa1_foto6.jpg	1
7	http://localhost:8080/foto-immobili/casa2_foto1.jpg	2
8	http://localhost:8080/foto-immobili/casa2_foto2.jpg	2
9	http://localhost:8080/foto-immobili/casa2_foto3.jpg	2
10	http://localhost:8080/foto-immobili/casa2_foto4.jpg	2
11	http://localhost:8080/foto-immobili/casa2_foto5.jpg	2
12	http://localhost:8080/foto-immobili/casa3_foto1.jpg	3
13	http://localhost:8080/foto-immobili/casa3_foto2.jpg	3
14	http://localhost:8080/foto-immobili/casa3_foto3.jpg	3
15	http://localhost:8080/foto-immobili/casa3_foto4.jpg	3
16	http://localhost:8080/foto-immobili/casa3_foto5.jpg	3
17	http://localhost:8080/foto-immobili/casa3_foto6.jpg	3
18	http://localhost:8080/foto-immobili/casa4_foto1.jpg	4
19	http://localhost:8080/foto-immobili/casa4_foto2.jpg	4
20	http://localhost:8080/foto-immobili/casa4_foto3.jpg	4
21	http://localhost:8080/foto-immobili/casa4_foto4.jpg	4
22	http://localhost:8080/foto-immobili/casa4_foto5.jpg	4
23	http://localhost:8080/foto-immobili/casa4_foto6.jpg	4
24	http://localhost:8080/foto-immobili/casa5_foto1.jpg	5
25	http://localhost:8080/foto-immobili/casa5_foto2.jpg	5
26	http://localhost:8080/foto-immobili/casa5_foto3.jpg	5
27	http://localhost:8080/foto-immobili/casa5_foto4.jpg	5
28	http://localhost:8080/foto-immobili/casa5_foto5.jpg	5
29	http://localhost:8080/foto-immobili/casa5_foto6.jpg	5
30	http://localhost:8080/foto-immobili/casa6_foto1.jpg	6
31	http://localhost:8080/foto-immobili/casa6_foto2.jpg	6
32	http://localhost:8080/foto-immobili/casa6_foto3.jpg	6
33	http://localhost:8080/foto-immobili/casa6_foto4.jpg	6
34	http://localhost:8080/foto-immobili/casa6_foto5.jpg	6
35	http://localhost:8080/foto-immobili/casa6_foto6.jpg	6
36	http://localhost:8080/foto-immobili/casa7_foto1.jpg	7
37	http://localhost:8080/foto-immobili/casa7_foto2.jpg	7
38	http://localhost:8080/foto-immobili/casa7_foto3.jpg	7
39	http://localhost:8080/foto-immobili/casa7_foto4.jpg	7
40	http://localhost:8080/foto-immobili/casa7_foto5.jpg	7
41	http://localhost:8080/foto-immobili/casa7_foto6.jpg	7
42	http://localhost:8080/foto-immobili/casa8_foto1.jpg	8
43	http://localhost:8080/foto-immobili/casa8_foto2.jpg	8
44	http://localhost:8080/foto-immobili/casa8_foto3.jpg	8
45	http://localhost:8080/foto-immobili/casa8_foto4.jpg	8
46	http://localhost:8080/foto-immobili/casa8_foto5.jpg	8
47	http://localhost:8080/foto-immobili/casa9_foto1.jpg	9
48	http://localhost:8080/foto-immobili/casa9_foto2.jpg	9
49	http://localhost:8080/foto-immobili/casa9_foto3.jpg	9
50	http://localhost:8080/foto-immobili/casa9_foto4.jpg	9
51	http://localhost:8080/foto-immobili/casa9_foto5.jpg	9
52	http://localhost:8080/foto-immobili/casa9_foto6.jpg	9
53	http://localhost:8080/foto-immobili/casa10_foto1.jpg	10
54	http://localhost:8080/foto-immobili/casa10_foto2.jpg	10
55	http://localhost:8080/foto-immobili/casa10_foto3.jpg	10
56	http://localhost:8080/foto-immobili/casa10_foto4.jpg	10
57	http://localhost:8080/foto-immobili/casa10_foto5.jpg	10
58	http://localhost:8080/foto-immobili/casa11_foto1.jpg	11
59	http://localhost:8080/foto-immobili/casa11_foto2.jpg	11
60	http://localhost:8080/foto-immobili/casa11_foto3.jpg	11
61	http://localhost:8080/foto-immobili/casa11_foto4.jpg	11
62	http://localhost:8080/foto-immobili/casa11_foto5.jpg	11
63	http://localhost:8080/foto-immobili/casa12_foto1.jpg	12
64	http://localhost:8080/foto-immobili/casa12_foto2.jpg	12
65	http://localhost:8080/foto-immobili/casa12_foto3.jpg	12
66	http://localhost:8080/foto-immobili/casa12_foto4.jpg	12
67	http://localhost:8080/foto-immobili/casa12_foto5.jpg	12
68	http://localhost:8080/foto-immobili/casa12_foto6.jpg	12
69	http://localhost:8080/foto-immobili/casa13_foto1.jpg	13
70	http://localhost:8080/foto-immobili/casa13_foto2.jpg	13
71	http://localhost:8080/foto-immobili/casa13_foto3.jpg	13
72	http://localhost:8080/foto-immobili/casa13_foto4.jpg	13
73	http://localhost:8080/foto-immobili/casa13_foto5.jpg	13
74	http://localhost:8080/foto-immobili/casa13_foto6.jpg	13
75	http://localhost:8080/foto-immobili/casa14_foto1.jpg	14
76	http://localhost:8080/foto-immobili/casa14_foto2.jpg	14
77	http://localhost:8080/foto-immobili/casa14_foto3.jpg	14
78	http://localhost:8080/foto-immobili/casa14_foto4.jpg	14
79	http://localhost:8080/foto-immobili/casa14_foto5.jpg	14
80	http://localhost:8080/foto-immobili/casa14_foto6.jpg	14
81	http://localhost:8080/foto-immobili/casa15_foto1.jpg	15
82	http://localhost:8080/foto-immobili/casa15_foto2.jpg	15
83	http://localhost:8080/foto-immobili/casa15_foto3.jpg	15
84	http://localhost:8080/foto-immobili/casa15_foto4.jpg	15
85	http://localhost:8080/foto-immobili/casa15_foto5.jpg	15
86	http://localhost:8080/foto-immobili/casa15_foto6.jpg	15
87	http://localhost:8080/foto-immobili/7544ac73-c9d8-48cb-8bc4-3eebf5d6e089.jpg	16
88	http://localhost:8080/foto-immobili/2435cd8e-21c6-4462-9b49-f4dddb97849e.jpg	16
89	http://localhost:8080/foto-immobili/ab78d831-b73b-48fc-90ef-e0bbfb2e67a6.jpg	16
90	http://localhost:8080/foto-immobili/9ecff5ce-b554-42bb-8ce9-b39c8ed730dc.jpg	17
91	http://localhost:8080/foto-immobili/dd1b9423-19aa-4732-9573-fa8288a47b68.jpg	17
92	http://localhost:8080/foto-immobili/df80c5ea-ab13-45ef-a7d8-481a48c9c15a.jpg	17
93	http://localhost:8080/foto-immobili/b8f42694-83bb-4c1f-a6cb-44af4f855321.jpg	18
94	http://localhost:8080/foto-immobili/1a87dc01-10dc-4bf8-8f1d-c9b79962442f.jpg	18
95	http://localhost:8080/foto-immobili/9d2f7d90-fb4a-45bd-93a0-b30d5335f461.jpg	18
96	http://localhost:8080/foto-immobili/75d01e37-11d1-42c6-87f6-01390040ec5e.jpg	18
97	http://localhost:8080/foto-immobili/508deff2-3b74-41d3-9998-e7011cc7844d.jpg	18
98	http://localhost:8080/foto-immobili/897b0617-0973-46a0-bc36-4abddaf76613.jpg	18
\.


--
-- TOC entry 3340 (class 0 OID 41022)
-- Dependencies: 213
-- Data for Name: immobile; Type: TABLE DATA; Schema: public; Owner: postgres
--

COPY public.immobile ("idImmobile", descrizione, indirizzo, metri_quadri, nome, prezzo_attuale, prezzo_orig, proprietario, "tipoImmobile", tipo_annuncio) FROM stdin;
1	Splendida villa con vista sul mare, dotata di ampio giardino terrazzato, piscina a sfioro e finiture di lusso. Ideale per chi cerca tranquillità e comfort totale a due passi dalla spiaggia.	Via Roma 15, Positano	250	Villa Panoramica Vista Mare	850000	850000	mario.rossi@venditore.com	Villa	VENDITA
2	Accogliente bilocale situato nel cuore della città, a pochi passi dai mezzi pubblici e dai principali servizi. Arredamento moderno, funzionale e pronto per essere abitato.	Piazza del Popolo 5, Roma	60	Bilocale in Centro	800	800	mario.rossi@venditore.com	Appartamento	AFFITTO
3	Elegante loft ricavato da un ex fabbricato industriale. Spazi aperti, grandi vetrate e design contemporaneo in un quartiere in rapida riqualificazione.	Via Tortona 45, Milano	140	Loft Moderno Design	420000	420000	luigi.bianchi@venditore.com	Loft	VENDITA
4	Antico casale in pietra immerso nel verde delle colline toscane. La struttura è solida ma necessita di ristrutturazione interna. Ottimo investimento immobiliare.	Strada del Chianti 12, Siena	300	Casale da Ristrutturare	90000	80000	luigi.bianchi@venditore.com	Villa	ASTA
5	Ufficio di rappresentanza situato in un prestigioso grattacielo. Dotato di ampia sala riunioni, doppi servizi, reception e cablaggio in fibra ottica.	Via Garibaldi 1, Torino	110	Ufficio Direzionale	1500	1500	mario.rossi@venditore.com	Ufficio	AFFITTO
6	Esclusivo attico nel centro storico. Terrazza di 50mq con vista sui tetti della città. Box auto incluso nel prezzo.	Piazza Maggiore 3, Bologna	130	Attico in Centro Storico	550000	550000	giovanni.neri@venditore.com	Appartamento	VENDITA
7	Recente villetta a schiera su due livelli con piccolo giardino privato fronte e retro. Zona residenziale tranquilla e ben collegata.	Via dei Platani 8, Firenze	110	Villetta a Schiera	280000	290000	giovanni.neri@venditore.com	Villa	VENDITA
8	Monolocale ottimizzato in ogni suo spazio, ideale per studenti o giovani lavoratori. Vicinissimo al polo universitario.	Via dell'Università 22, Padova	35	Monolocale per Studenti	500	500	francesca.romana@venditore.com	Appartamento	AFFITTO
9	Locale commerciale ad altissimo passaggio pedonale. Due ampie vetrine su strada, magazzino al piano interrato.	Via Toledo 105, Napoli	85	Negozio Commerciale in Centro	1200	1200	francesca.romana@venditore.com	Ufficio	AFFITTO
10	Terreno edificabile in zona di forte espansione. Possibilità di costruire una villa bifamiliare o una piccola palazzina.	Via Campagna 4, Verona	800	Terreno Edificabile Residenziale	52000	45000	alessandro.gallo@venditore.com	Terreno	ASTA
11	Ampio garage doppio in lunghezza, comodo per due SUV o come magazzino. Basculante motorizzata.	Via Roma 112 (Piano -1), Milano	30	Garage Doppio Motorizzato	35000	35000	alessandro.gallo@venditore.com	Garage	VENDITA
12	Meraviglioso attico fronte mare. L'immobile viene venduto tramite procedura di asta privata. Ottime rifiniture.	Lungomare Colombo 12, Salerno	160	Attico Vista Mare (Asta Privata)	315000	300000	mario.rossi@venditore.com	Appartamento	ASTA
13	Chalet in legno e pietra ai piedi delle piste da sci. Dotato di camino centrale e sauna privata.	Via delle Nevi 5, Cortina	95	Chalet in Montagna	180000	195000	luigi.bianchi@venditore.com	Villa	VENDITA
14	Grande open space completamente ristrutturato con materiali di pregio. Cucina a isola e zona notte soppalcata.	Via Navigli 88, Milano	80	Open Space Ristrutturato	950	950	francesca.romana@venditore.com	Loft	AFFITTO
15	Imponente villa di lusso circondata da un parco secolare di 2 ettari. Dependance per gli ospiti e campo da tennis.	Via Appia Antica 100, Roma	600	Villa Storica di Lusso	1500000	1500000	giovanni.neri@venditore.com	Villa	VENDITA
17	Rende nuova costruzione zona residenziale\n\n	Contrada Sant'Agostino, Rende	100	Trilocale Sant'Agostino,Roges Rende	150000	150000	mario.rossi@venditore.com	Appartamento	VENDITA
18	Reggio Calabria in Via Tommaso Campanella appartamento con ampio terrazzo a livello panoramico ed affaccio sul Corso Giuseppe Garibaldi, angolo Piazza Camagna. Con una superficie coperta di 180 mq, e 130mq di terrazzo a livello questo appartamento offre spazi generosi e ben distribuiti, ideali per una famiglia numerosa o per chi ama ospitare amici e parenti.|||{"locali":5,"bagni":3,"piano":"Intermedio","condizioni":"Buono / Abitabile","ascensore":"Sì","classeEnergetica":"A+"}	Corso Tommaso Campanella 38, Reggio Calabria	310	Appartamento Centro Storico Reggio Calabria	750000	750000	mario.rossi@venditore.com	Appartamento	VENDITA
\.


--
-- TOC entry 3342 (class 0 OID 41028)
-- Dependencies: 215
-- Data for Name: recensione; Type: TABLE DATA; Schema: public; Owner: postgres
--

COPY public.recensione ("idRecensione", "idUtente", valutazione, titolo, "idImmobile") FROM stdin;
1	4	5	Una casa spettacolare! Spazi enormi e vista mare da cartolina. Venditore gentilissimo.	1
2	5	4	Bilocale molto comodo. La zona è ben servita, ideale per studenti. Unica pecca: poco parcheggio.	2
3	5	5	Questo loft ha un design incredibile. Le grandi vetrate lo rendono luminoso tutto il giorno.	3
4	9	5	Attico fantastico, la terrazza è immensa e offre una vista mozzafiato sui tetti storici.	6
5	11	4	Ottimo monolocale per il periodo universitario. La proprietaria è stata disponibilissima e chiara.	8
6	10	5	Lo chalet dei sogni per le vacanze invernali! Il camino centrale crea un'atmosfera magica.	13
7	12	5	Immobile decisamente fuori dal mio budget, ma la visita guidata è stata un'esperienza unica. Lusso sfrenato.	15
8	4	4	Bella villetta a schiera, gli spazi esterni sono ottimi per chi ha bambini o animali domestici.	7
9	4	5	Casa luminosa e spaziosa	3
\.


--
-- TOC entry 3344 (class 0 OID 41032)
-- Dependencies: 217
-- Data for Name: utente; Type: TABLE DATA; Schema: public; Owner: postgres
--

COPY public.utente ("idUtente", email, password, ruolo, cognome, nome, telefono, bannato) FROM stdin;
1	admin@easyhousing.com	admin	ADMIN	Super	Admin	3330000000	f
2	mario.rossi@venditore.com	1234	VENDITORE	Rossi	Mario	3331112222	f
3	luigi.bianchi@venditore.com	1234	VENDITORE	Bianchi	Luigi	3334445555	f
6	giovanni.neri@venditore.com	1234	VENDITORE	Neri	Giovanni	3332221111	f
7	francesca.romana@venditore.com	1234	VENDITORE	Romana	Francesca	3335557777	f
8	alessandro.gallo@venditore.com	1234	VENDITORE	Gallo	Alessandro	3339994444	f
4	giulia.neri@acquirente.com	1234	ACQUIRENTE	Neri	Giulia	3339998888	f
5	marco.verdi@acquirente.com	1234	ACQUIRENTE	Verdi	Marco	3336667777	f
9	elena.ricci@acquirente.com	1234	ACQUIRENTE	Ricci	Elena	3331234567	f
10	matteo.bruni@acquirente.com	1234	ACQUIRENTE	Bruni	Matteo	3339876543	f
11	chiara.fontana@acquirente.com	1234	ACQUIRENTE	Fontana	Chiara	3334567890	f
12	lorenzo.conte@acquirente.com	1234	ACQUIRENTE	Conte	Lorenzo	3336543210	f
\.


--
-- TOC entry 3351 (class 0 OID 0)
-- Dependencies: 210
-- Name: asta_id_seq; Type: SEQUENCE SET; Schema: public; Owner: postgres
--

SELECT pg_catalog.setval('public.asta_id_seq', 3, true);


--
-- TOC entry 3352 (class 0 OID 0)
-- Dependencies: 212
-- Name: immagine_id_seq; Type: SEQUENCE SET; Schema: public; Owner: postgres
--

SELECT pg_catalog.setval('public.immagine_id_seq', 98, true);


--
-- TOC entry 3353 (class 0 OID 0)
-- Dependencies: 214
-- Name: immobile_id_seq; Type: SEQUENCE SET; Schema: public; Owner: postgres
--

SELECT pg_catalog.setval('public.immobile_id_seq', 18, true);


--
-- TOC entry 3354 (class 0 OID 0)
-- Dependencies: 216
-- Name: recensione_id_seq; Type: SEQUENCE SET; Schema: public; Owner: postgres
--

SELECT pg_catalog.setval('public.recensione_id_seq', 9, true);


--
-- TOC entry 3355 (class 0 OID 0)
-- Dependencies: 218
-- Name: utente_id_seq; Type: SEQUENCE SET; Schema: public; Owner: postgres
--

SELECT pg_catalog.setval('public.utente_id_seq', 12, true);


--
-- TOC entry 3186 (class 2606 OID 41040)
-- Name: asta asta_pkey; Type: CONSTRAINT; Schema: public; Owner: postgres
--

ALTER TABLE ONLY public.asta
    ADD CONSTRAINT asta_pkey PRIMARY KEY ("idAsta");


--
-- TOC entry 3188 (class 2606 OID 41042)
-- Name: immagine immagine_pkey; Type: CONSTRAINT; Schema: public; Owner: postgres
--

ALTER TABLE ONLY public.immagine
    ADD CONSTRAINT immagine_pkey PRIMARY KEY ("idImmagine");


--
-- TOC entry 3190 (class 2606 OID 41044)
-- Name: immobile immobile_pkey; Type: CONSTRAINT; Schema: public; Owner: postgres
--

ALTER TABLE ONLY public.immobile
    ADD CONSTRAINT immobile_pkey PRIMARY KEY ("idImmobile");


--
-- TOC entry 3192 (class 2606 OID 41046)
-- Name: recensione recensione_pkey; Type: CONSTRAINT; Schema: public; Owner: postgres
--

ALTER TABLE ONLY public.recensione
    ADD CONSTRAINT recensione_pkey PRIMARY KEY ("idRecensione");


--
-- TOC entry 3194 (class 2606 OID 41048)
-- Name: utente ukgxvq4mjswnupehxnp35vawmo2; Type: CONSTRAINT; Schema: public; Owner: postgres
--

ALTER TABLE ONLY public.utente
    ADD CONSTRAINT ukgxvq4mjswnupehxnp35vawmo2 UNIQUE (email);


--
-- TOC entry 3196 (class 2606 OID 41050)
-- Name: utente utente_pkey; Type: CONSTRAINT; Schema: public; Owner: postgres
--

ALTER TABLE ONLY public.utente
    ADD CONSTRAINT utente_pkey PRIMARY KEY ("idUtente");


-- Completed on 2026-03-28 12:54:04

--
-- PostgreSQL database dump complete
--

