--
-- PostgreSQL database dump per Progetto Easy Housing (Popolato "Scala E-commerce")
--

SET statement_timeout = 0;
SET lock_timeout = 0;
SET idle_in_transaction_session_timeout = 0;
SET client_encoding = 'UTF8';
SET standard_conforming_strings = on;
SELECT pg_catalog.set_config('search_path', '', false);
SET check_function_bodies = false;
SET xmloption = content;
SET client_min_messages = warning;
SET row_security = off;
SET default_tablespace = '';
SET default_table_access_method = heap;

-- ================= STRUTTURA DELLE TABELLE =================

CREATE TABLE public.asta (
                             "idAsta" integer NOT NULL,
                             acquirente character varying(255),
                             fine bigint NOT NULL,
                             "idImmobile" integer NOT NULL,
                             prezzo_attuale double precision NOT NULL,
                             prezzo_orig double precision NOT NULL
);

ALTER TABLE public.asta ALTER COLUMN "idAsta" ADD GENERATED BY DEFAULT AS IDENTITY (
    SEQUENCE NAME public.asta_id_seq START WITH 1 INCREMENT BY 1 NO MINVALUE NO MAXVALUE CACHE 1
    );

CREATE TABLE public.immagine (
                                 "idImmagine" integer NOT NULL,
                                 immagine character varying(255) NOT NULL,
                                 "idImmobile" integer NOT NULL
);

ALTER TABLE public.immagine ALTER COLUMN "idImmagine" ADD GENERATED BY DEFAULT AS IDENTITY (
    SEQUENCE NAME public.immagine_id_seq START WITH 1 INCREMENT BY 1 NO MINVALUE NO MAXVALUE CACHE 1
    );

CREATE TABLE public.immobile (
                                 "idImmobile" integer NOT NULL,
                                 descrizione character varying(1000),
                                 indirizzo character varying(255) NOT NULL,
                                 metri_quadri double precision NOT NULL,
                                 nome character varying(255) NOT NULL,
                                 prezzo_attuale double precision NOT NULL,
                                 prezzo_orig double precision NOT NULL,
                                 proprietario character varying(255) NOT NULL,
                                 "tipoImmobile" character varying(255) NOT NULL,
                                 tipo_annuncio character varying(255) NOT NULL
);

ALTER TABLE public.immobile ALTER COLUMN "idImmobile" ADD GENERATED BY DEFAULT AS IDENTITY (
    SEQUENCE NAME public.immobile_id_seq START WITH 1 INCREMENT BY 1 NO MINVALUE NO MAXVALUE CACHE 1
    );

CREATE TABLE public.recensione (
                                   "idRecensione" integer NOT NULL,
                                   "idUtente" integer NOT NULL,
                                   valutazione smallint NOT NULL,
                                   titolo character varying(255) NOT NULL,
                                   "idImmobile" integer
);

ALTER TABLE public.recensione ALTER COLUMN "idRecensione" ADD GENERATED BY DEFAULT AS IDENTITY (
    SEQUENCE NAME public.recensione_id_seq START WITH 1 INCREMENT BY 1 NO MINVALUE NO MAXVALUE CACHE 1
    );

CREATE TABLE public.utente (
                               "idUtente" integer NOT NULL,
                               email character varying(255) NOT NULL,
                               password character varying(255) NOT NULL,
                               ruolo character varying(255) NOT NULL,
                               cognome character varying(255) NOT NULL,
                               nome character varying(255) NOT NULL,
                               telefono character varying(255) NOT NULL,
                               bannato boolean DEFAULT false
);

ALTER TABLE public.utente ALTER COLUMN "idUtente" ADD GENERATED BY DEFAULT AS IDENTITY (
    SEQUENCE NAME public.utente_id_seq START WITH 1 INCREMENT BY 1 NO MINVALUE NO MAXVALUE CACHE 1
    );

-- ================= 1. UTENTI (12 Utenti) =================
-- Password per tutti (eccetto admin): 1234
-- Admin password: admin

INSERT INTO public.utente ("idUtente", email, password, ruolo, cognome, nome, telefono, bannato) VALUES (1, 'admin@easyhousing.com', 'admin', 'ADMIN', 'Super', 'Admin', '3330000000', false);

-- Venditori (5)
INSERT INTO public.utente ("idUtente", email, password, ruolo, cognome, nome, telefono, bannato) VALUES (2, 'mario.rossi@venditore.com', '1234', 'VENDITORE', 'Rossi', 'Mario', '3331112222', false);
INSERT INTO public.utente ("idUtente", email, password, ruolo, cognome, nome, telefono, bannato) VALUES (3, 'luigi.bianchi@venditore.com', '1234', 'VENDITORE', 'Bianchi', 'Luigi', '3334445555', false);
INSERT INTO public.utente ("idUtente", email, password, ruolo, cognome, nome, telefono, bannato) VALUES (6, 'giovanni.neri@venditore.com', '1234', 'VENDITORE', 'Neri', 'Giovanni', '3332221111', false);
INSERT INTO public.utente ("idUtente", email, password, ruolo, cognome, nome, telefono, bannato) VALUES (7, 'francesca.romana@venditore.com', '1234', 'VENDITORE', 'Romana', 'Francesca', '3335557777', false);
INSERT INTO public.utente ("idUtente", email, password, ruolo, cognome, nome, telefono, bannato) VALUES (8, 'alessandro.gallo@venditore.com', '1234', 'VENDITORE', 'Gallo', 'Alessandro', '3339994444', false);

-- Acquirenti (6)
INSERT INTO public.utente ("idUtente", email, password, ruolo, cognome, nome, telefono, bannato) VALUES (4, 'giulia.neri@acquirente.com', '1234', 'ACQUIRENTE', 'Neri', 'Giulia', '3339998888', false);
INSERT INTO public.utente ("idUtente", email, password, ruolo, cognome, nome, telefono, bannato) VALUES (5, 'marco.verdi@acquirente.com', '1234', 'ACQUIRENTE', 'Verdi', 'Marco', '3336667777', false);
INSERT INTO public.utente ("idUtente", email, password, ruolo, cognome, nome, telefono, bannato) VALUES (9, 'elena.ricci@acquirente.com', '1234', 'ACQUIRENTE', 'Ricci', 'Elena', '3331234567', false);
INSERT INTO public.utente ("idUtente", email, password, ruolo, cognome, nome, telefono, bannato) VALUES (10, 'matteo.bruni@acquirente.com', '1234', 'ACQUIRENTE', 'Bruni', 'Matteo', '3339876543', false);
INSERT INTO public.utente ("idUtente", email, password, ruolo, cognome, nome, telefono, bannato) VALUES (11, 'chiara.fontana@acquirente.com', '1234', 'ACQUIRENTE', 'Fontana', 'Chiara', '3334567890', false);
INSERT INTO public.utente ("idUtente", email, password, ruolo, cognome, nome, telefono, bannato) VALUES (12, 'lorenzo.conte@acquirente.com', '1234', 'ACQUIRENTE', 'Conte', 'Lorenzo', '3336543210', false);


-- ================= 2. IMMOBILI (15 Annunci) =================

INSERT INTO public.immobile ("idImmobile", descrizione, indirizzo, metri_quadri, nome, prezzo_attuale, prezzo_orig, proprietario, "tipoImmobile", tipo_annuncio)
VALUES (1, 'Splendida villa con vista sul mare, dotata di ampio giardino terrazzato, piscina a sfioro e finiture di lusso. Ideale per chi cerca tranquillità e comfort totale a due passi dalla spiaggia.', 'Via Roma 15, Positano', 250, 'Villa Panoramica Vista Mare', 850000, 850000, 'mario.rossi@venditore.com', 'Villa', 'VENDITA');

INSERT INTO public.immobile ("idImmobile", descrizione, indirizzo, metri_quadri, nome, prezzo_attuale, prezzo_orig, proprietario, "tipoImmobile", tipo_annuncio)
VALUES (2, 'Accogliente bilocale situato nel cuore della città, a pochi passi dai mezzi pubblici e dai principali servizi. Arredamento moderno, funzionale e pronto per essere abitato.', 'Piazza del Popolo 5, Roma', 60, 'Bilocale in Centro', 800, 800, 'mario.rossi@venditore.com', 'Appartamento', 'AFFITTO');

INSERT INTO public.immobile ("idImmobile", descrizione, indirizzo, metri_quadri, nome, prezzo_attuale, prezzo_orig, proprietario, "tipoImmobile", tipo_annuncio)
VALUES (3, 'Elegante loft ricavato da un ex fabbricato industriale. Spazi aperti, grandi vetrate e design contemporaneo in un quartiere in rapida riqualificazione.', 'Via Tortona 45, Milano', 140, 'Loft Moderno Design', 420000, 420000, 'luigi.bianchi@venditore.com', 'Loft', 'VENDITA');

INSERT INTO public.immobile ("idImmobile", descrizione, indirizzo, metri_quadri, nome, prezzo_attuale, prezzo_orig, proprietario, "tipoImmobile", tipo_annuncio)
VALUES (4, 'Antico casale in pietra immerso nel verde delle colline toscane. La struttura è solida ma necessita di ristrutturazione interna. Ottimo investimento immobiliare.', 'Strada del Chianti 12, Siena', 300, 'Casale da Ristrutturare', 90000, 80000, 'luigi.bianchi@venditore.com', 'Villa', 'ASTA');

INSERT INTO public.immobile ("idImmobile", descrizione, indirizzo, metri_quadri, nome, prezzo_attuale, prezzo_orig, proprietario, "tipoImmobile", tipo_annuncio)
VALUES (5, 'Ufficio di rappresentanza situato in un prestigioso grattacielo. Dotato di ampia sala riunioni, doppi servizi, reception e cablaggio in fibra ottica.', 'Via Garibaldi 1, Torino', 110, 'Ufficio Direzionale', 1500, 1500, 'mario.rossi@venditore.com', 'Ufficio', 'AFFITTO');

INSERT INTO public.immobile ("idImmobile", descrizione, indirizzo, metri_quadri, nome, prezzo_attuale, prezzo_orig, proprietario, "tipoImmobile", tipo_annuncio)
VALUES (6, 'Esclusivo attico nel centro storico. Terrazza di 50mq con vista sui tetti della città. Box auto incluso nel prezzo.', 'Piazza Maggiore 3, Bologna', 130, 'Attico in Centro Storico', 550000, 550000, 'giovanni.neri@venditore.com', 'Appartamento', 'VENDITA');

INSERT INTO public.immobile ("idImmobile", descrizione, indirizzo, metri_quadri, nome, prezzo_attuale, prezzo_orig, proprietario, "tipoImmobile", tipo_annuncio)
VALUES (7, 'Recente villetta a schiera su due livelli con piccolo giardino privato fronte e retro. Zona residenziale tranquilla e ben collegata.', 'Via dei Platani 8, Firenze', 110, 'Villetta a Schiera', 280000, 290000, 'giovanni.neri@venditore.com', 'Villa', 'VENDITA');

INSERT INTO public.immobile ("idImmobile", descrizione, indirizzo, metri_quadri, nome, prezzo_attuale, prezzo_orig, proprietario, "tipoImmobile", tipo_annuncio)
VALUES (8, 'Monolocale ottimizzato in ogni suo spazio, ideale per studenti o giovani lavoratori. Vicinissimo al polo universitario.', 'Via dell''Università 22, Padova', 35, 'Monolocale per Studenti', 500, 500, 'francesca.romana@venditore.com', 'Appartamento', 'AFFITTO');

INSERT INTO public.immobile ("idImmobile", descrizione, indirizzo, metri_quadri, nome, prezzo_attuale, prezzo_orig, proprietario, "tipoImmobile", tipo_annuncio)
VALUES (9, 'Locale commerciale ad altissimo passaggio pedonale. Due ampie vetrine su strada, magazzino al piano interrato.', 'Via Toledo 105, Napoli', 85, 'Negozio Commerciale in Centro', 1200, 1200, 'francesca.romana@venditore.com', 'Ufficio', 'AFFITTO');

INSERT INTO public.immobile ("idImmobile", descrizione, indirizzo, metri_quadri, nome, prezzo_attuale, prezzo_orig, proprietario, "tipoImmobile", tipo_annuncio)
VALUES (10, 'Terreno edificabile in zona di forte espansione. Possibilità di costruire una villa bifamiliare o una piccola palazzina.', 'Via Campagna 4, Verona', 800, 'Terreno Edificabile Residenziale', 52000, 45000, 'alessandro.gallo@venditore.com', 'Terreno', 'ASTA');

INSERT INTO public.immobile ("idImmobile", descrizione, indirizzo, metri_quadri, nome, prezzo_attuale, prezzo_orig, proprietario, "tipoImmobile", tipo_annuncio)
VALUES (11, 'Ampio garage doppio in lunghezza, comodo per due SUV o come magazzino. Basculante motorizzata.', 'Via Roma 112 (Piano -1), Milano', 30, 'Garage Doppio Motorizzato', 35000, 35000, 'alessandro.gallo@venditore.com', 'Garage', 'VENDITA');

INSERT INTO public.immobile ("idImmobile", descrizione, indirizzo, metri_quadri, nome, prezzo_attuale, prezzo_orig, proprietario, "tipoImmobile", tipo_annuncio)
VALUES (12, 'Meraviglioso attico fronte mare. L''immobile viene venduto tramite procedura di asta privata. Ottime rifiniture.', 'Lungomare Colombo 12, Salerno', 160, 'Attico Vista Mare (Asta Privata)', 315000, 300000, 'mario.rossi@venditore.com', 'Appartamento', 'ASTA');

INSERT INTO public.immobile ("idImmobile", descrizione, indirizzo, metri_quadri, nome, prezzo_attuale, prezzo_orig, proprietario, "tipoImmobile", tipo_annuncio)
VALUES (13, 'Chalet in legno e pietra ai piedi delle piste da sci. Dotato di camino centrale e sauna privata.', 'Via delle Nevi 5, Cortina', 95, 'Chalet in Montagna', 180000, 195000, 'luigi.bianchi@venditore.com', 'Villa', 'VENDITA');

INSERT INTO public.immobile ("idImmobile", descrizione, indirizzo, metri_quadri, nome, prezzo_attuale, prezzo_orig, proprietario, "tipoImmobile", tipo_annuncio)
VALUES (14, 'Grande open space completamente ristrutturato con materiali di pregio. Cucina a isola e zona notte soppalcata.', 'Via Navigli 88, Milano', 80, 'Open Space Ristrutturato', 950, 950, 'francesca.romana@venditore.com', 'Loft', 'AFFITTO');

INSERT INTO public.immobile ("idImmobile", descrizione, indirizzo, metri_quadri, nome, prezzo_attuale, prezzo_orig, proprietario, "tipoImmobile", tipo_annuncio)
VALUES (15, 'Imponente villa di lusso circondata da un parco secolare di 2 ettari. Dependance per gli ospiti e campo da tennis.', 'Via Appia Antica 100, Roma', 600, 'Villa Storica di Lusso', 1500000, 1500000, 'giovanni.neri@venditore.com', 'Villa', 'VENDITA');


-- ================= 3. IMMAGINI =================

INSERT INTO public.immagine ("idImmagine", immagine, "idImmobile") VALUES (1, 'https://images.unsplash.com/photo-1613490908578-79c05953051a?ixlib=rb-4.0.3&auto=format&fit=crop&w=1000&q=80', 1);
INSERT INTO public.immagine ("idImmagine", immagine, "idImmobile") VALUES (2, 'https://images.unsplash.com/photo-1600596542815-ffad4c1539a9?ixlib=rb-4.0.3&auto=format&fit=crop&w=1000&q=80', 1);
INSERT INTO public.immagine ("idImmagine", immagine, "idImmobile") VALUES (3, 'https://images.unsplash.com/photo-1502672260266-1c1de2d93688?ixlib=rb-4.0.3&auto=format&fit=crop&w=1000&q=80', 2);
INSERT INTO public.immagine ("idImmagine", immagine, "idImmobile") VALUES (4, 'https://images.unsplash.com/photo-1560448204-e02f11c3d0e2?ixlib=rb-4.0.3&auto=format&fit=crop&w=1000&q=80', 3);
INSERT INTO public.immagine ("idImmagine", immagine, "idImmobile") VALUES (5, 'https://images.unsplash.com/photo-1464288550599-43d5a73451b8?ixlib=rb-4.0.3&auto=format&fit=crop&w=1000&q=80', 4);
INSERT INTO public.immagine ("idImmagine", immagine, "idImmobile") VALUES (6, 'https://images.unsplash.com/photo-1497366216548-37526070297c?ixlib=rb-4.0.3&auto=format&fit=crop&w=1000&q=80', 5);
INSERT INTO public.immagine ("idImmagine", immagine, "idImmobile") VALUES (7, 'https://images.unsplash.com/photo-1502005229762-cf1b2da7c5d6?ixlib=rb-4.0.3&auto=format&fit=crop&w=1000&q=80', 6);
INSERT INTO public.immagine ("idImmagine", immagine, "idImmobile") VALUES (8, 'https://images.unsplash.com/photo-1512917774080-9991f1c4c750?ixlib=rb-4.0.3&auto=format&fit=crop&w=1000&q=80', 7);
INSERT INTO public.immagine ("idImmagine", immagine, "idImmobile") VALUES (9, 'https://images.unsplash.com/photo-1522708323590-d24dbb6b0267?ixlib=rb-4.0.3&auto=format&fit=crop&w=1000&q=80', 8);
INSERT INTO public.immagine ("idImmagine", immagine, "idImmobile") VALUES (10, 'https://images.unsplash.com/photo-1582087541178-65e381ab9c5c?ixlib=rb-4.0.3&auto=format&fit=crop&w=1000&q=80', 9);
INSERT INTO public.immagine ("idImmagine", immagine, "idImmobile") VALUES (11, 'https://images.unsplash.com/photo-1500382017468-9049fed747ef?ixlib=rb-4.0.3&auto=format&fit=crop&w=1000&q=80', 10);
INSERT INTO public.immagine ("idImmagine", immagine, "idImmobile") VALUES (12, 'https://images.unsplash.com/photo-1613214149922-f1809c99b414?ixlib=rb-4.0.3&auto=format&fit=crop&w=1000&q=80', 11);
INSERT INTO public.immagine ("idImmagine", immagine, "idImmobile") VALUES (13, 'https://images.unsplash.com/photo-1515263487990-61b07816b324?ixlib=rb-4.0.3&auto=format&fit=crop&w=1000&q=80', 12);
INSERT INTO public.immagine ("idImmagine", immagine, "idImmobile") VALUES (14, 'https://images.unsplash.com/photo-1518780664697-55e3ad937233?ixlib=rb-4.0.3&auto=format&fit=crop&w=1000&q=80', 13);
INSERT INTO public.immagine ("idImmagine", immagine, "idImmobile") VALUES (15, 'https://images.unsplash.com/photo-1560185007-cde436f6a4d0?ixlib=rb-4.0.3&auto=format&fit=crop&w=1000&q=80', 14);
INSERT INTO public.immagine ("idImmagine", immagine, "idImmobile") VALUES (16, 'https://images.unsplash.com/photo-1600585154340-be6161a56a0c?ixlib=rb-4.0.3&auto=format&fit=crop&w=1000&q=80', 15);
INSERT INTO public.immagine ("idImmagine", immagine, "idImmobile") VALUES (17, 'https://images.unsplash.com/photo-1600607687920-4e2a09cf159d?ixlib=rb-4.0.3&auto=format&fit=crop&w=1000&q=80', 15);


-- ================= 4. ASTE (3 Aste attive) =================

-- Asta 1: Casale (ID Immobile 4) -> Offerta di Giulia Neri
INSERT INTO public.asta ("idAsta", acquirente, fine, "idImmobile", prezzo_attuale, prezzo_orig)
VALUES (1, 'giulia.neri@acquirente.com', 1785000000000, 4, 90000, 80000);

-- Asta 2: Terreno Edificabile (ID Immobile 10) -> Offerta di Matteo Bruni
INSERT INTO public.asta ("idAsta", acquirente, fine, "idImmobile", prezzo_attuale, prezzo_orig)
VALUES (2, 'matteo.bruni@acquirente.com', 1790000000000, 10, 52000, 45000);

-- Asta 3: Attico Vista Mare (ID Immobile 12) -> Offerta di Lorenzo Conte
INSERT INTO public.asta ("idAsta", acquirente, fine, "idImmobile", prezzo_attuale, prezzo_orig)
VALUES (3, 'lorenzo.conte@acquirente.com', 1795000000000, 12, 315000, 300000);


-- ================= 5. RECENSIONI (8 Recensioni sparse) =================

INSERT INTO public.recensione ("idRecensione", "idUtente", valutazione, titolo, "idImmobile")
VALUES (1, 4, 5, 'Una casa spettacolare! Spazi enormi e vista mare da cartolina. Venditore gentilissimo.', 1);

INSERT INTO public.recensione ("idRecensione", "idUtente", valutazione, titolo, "idImmobile")
VALUES (2, 5, 4, 'Bilocale molto comodo. La zona è ben servita, ideale per studenti. Unica pecca: poco parcheggio.', 2);

INSERT INTO public.recensione ("idRecensione", "idUtente", valutazione, titolo, "idImmobile")
VALUES (3, 5, 5, 'Questo loft ha un design incredibile. Le grandi vetrate lo rendono luminoso tutto il giorno.', 3);

INSERT INTO public.recensione ("idRecensione", "idUtente", valutazione, titolo, "idImmobile")
VALUES (4, 9, 5, 'Attico fantastico, la terrazza è immensa e offre una vista mozzafiato sui tetti storici.', 6);

INSERT INTO public.recensione ("idRecensione", "idUtente", valutazione, titolo, "idImmobile")
VALUES (5, 11, 4, 'Ottimo monolocale per il periodo universitario. La proprietaria è stata disponibilissima e chiara.', 8);

INSERT INTO public.recensione ("idRecensione", "idUtente", valutazione, titolo, "idImmobile")
VALUES (6, 10, 5, 'Lo chalet dei sogni per le vacanze invernali! Il camino centrale crea un''atmosfera magica.', 13);

INSERT INTO public.recensione ("idRecensione", "idUtente", valutazione, titolo, "idImmobile")
VALUES (7, 12, 5, 'Immobile decisamente fuori dal mio budget, ma la visita guidata è stata un''esperienza unica. Lusso sfrenato.', 15);

INSERT INTO public.recensione ("idRecensione", "idUtente", valutazione, titolo, "idImmobile")
VALUES (8, 4, 4, 'Bella villetta a schiera, gli spazi esterni sono ottimi per chi ha bambini o animali domestici.', 7);


-- ================= AGGIORNAMENTO SEQUENCE =================

SELECT pg_catalog.setval('public.asta_id_seq', 3, true);
SELECT pg_catalog.setval('public.immagine_id_seq', 17, true);
SELECT pg_catalog.setval('public.immobile_id_seq', 15, true);
SELECT pg_catalog.setval('public.recensione_id_seq', 8, true);
SELECT pg_catalog.setval('public.utente_id_seq', 12, true);

-- ================= CREAZIONE DEI VINCOLI (PRIMARY & FOREIGN KEYS) =================

ALTER TABLE ONLY public.asta ADD CONSTRAINT asta_pkey PRIMARY KEY ("idAsta");
ALTER TABLE ONLY public.immagine ADD CONSTRAINT immagine_pkey PRIMARY KEY ("idImmagine");
ALTER TABLE ONLY public.immobile ADD CONSTRAINT immobile_pkey PRIMARY KEY ("idImmobile");
ALTER TABLE ONLY public.recensione ADD CONSTRAINT recensione_pkey PRIMARY KEY ("idRecensione");
ALTER TABLE ONLY public.utente ADD CONSTRAINT ukgxvq4mjswnupehxnp35vawmo2 UNIQUE (email);
ALTER TABLE ONLY public.utente ADD CONSTRAINT utente_pkey PRIMARY KEY ("idUtente");

